reaction,ec,substrate,parameter,value,unit,organism,meta
pgi,5.3.1.9,D-glucose 6-phosphate,Km,0.28,mM,Escherichia coli,"#5# 22Â°C, pH 7.4 <57>"
pgi,5.3.1.9,fructose 6-phosphate,Km,0.2,mM,Oryctolagus cuniculus; Escherichia coli,"#12# glucose 6-phosphate, immobilized enzyme <20>; #5# enzyme forms PGI I and PGI II <14>"
pgi,5.3.1.9,D-fructose 6-phosphate,Km,0.147,mM,Escherichia coli,"#5# 22Â°C, pH 7.4 <57>"
pfk,2.7.1.11,ATP,Km,0.21,mM,Escherichia coli,"#101# pH 7.2, 30Â°C <102>"
pfk,2.7.1.11,ATP,Km,0.02,mM,Homo sapiens; Escherichia coli,"#101# pH 7.2, 30Â°C, cosubstrate fructose 1-phosphate <106>; #109# pH 7.2, 25Â°C, red blood cell lysate from diabetic subjects as source of enzyme <170>"
pfk,2.7.1.11,ATP,Km,0.094,mM,Escherichia coli,"#6# pH 8.5, 30Â°C, R72H mutant PFK <70>"
pfk,2.7.1.11,ATP,Km,0.012,mM,Escherichia coli,"#6# wild type enzyme, in the presence of Mg2+, in 0.05 M Tris-HCl, pH 8.2, temperature not specified in the publication <136>"
pfk,2.7.1.11,ATP,Km,0.008,mM,Escherichia coli,"#6# wild type enzyme, in the presence of Mn2+, in 0.05 M Tris-HCl, pH 8.2, temperature not specified in the publication <136>"
pfk,2.7.1.11,ATP,Km,0.049,mM,Escherichia coli,"#6# mutant enzyme E190Q, in the presence of Mn2+, in 0.05 M Tris-HCl, pH 8.2, temperature not specified in the publication <136>"
pfk,2.7.1.11,ATP,Km,0.11,mM,Escherichia coli,"#6# pH 8.5, 30Â°C, wild-type PFK <70>"
pfk,2.7.1.11,ATP,Km,0.117,mM,Escherichia coli,"#6# mutant enzyme E190Q, in the presence of Mg2+, in 0.05 M Tris-HCl, pH 8.2, temperature not specified in the publication <136>"
pfk,2.7.1.11,ATP,Km,0.055,mM,Musa acuminata; Clostridium pasteurianum; Escherichia coli,"#40# pH 8.0, 28Â°C <65>; #6# pH 8.5, 30Â°C, wild-type PFK <70>; #6# pH 8.5, 30Â°C, I126A mutant PFK <70>"
pfk,2.7.1.11,ATP,Km,0.2,mM,Thermotoga maritima; Escherichia coli,"#6# pH 8.5, 30Â°C <99>; #59# pH 7.0, 50Â°C and 75Â°C <95>"
pfk,2.7.1.11,ATP,Km,0.05,mM,Homo sapiens; Rattus norvegicus; Crassostrea virginica; Escherichia coli,"#8# pH 8.4 <11>; #72# pH 7.9, 24Â°C <40>; #6# pH 8.2, 28Â°C, PFK2 <43>; #109# pH 7.2, 25Â°C, red blood cell lysate from diabetic subjects as source of enzyme <170>"
pfk,2.7.1.11,ATP,Km,0.1,mM,Desulfurococcus amylolyticus; Rattus norvegicus; Escherichia coli,"#101# pH 7.2, 30Â°C <106>; #85# pH 6.0, 50Â°C <89>; #8# 12 h after isoproterenol administration, PFK-1 <104>"
pfk,2.7.1.11,ATP,Km,2.0,mM,Escherichia coli,"#6# mutant enzyme E190Q, in the presence of Mg2+, in 0.05 M Tris-HCl, pH 8.2, temperature not specified in the publication <136>"
pfk,2.7.1.11,ATP,Km,180.0,mM,Escherichia coli,"#6# mutant enzyme E190Q, in the presence of Mn2+, in 0.05 M Tris-HCl, pH 8.2, temperature not specified in the publication <136>"
pfk,2.7.1.11,ATP,Km,7000.0,mM,Escherichia coli,"#6# wild type enzyme, in the presence of Mn2+, in 0.05 M Tris-HCl, pH 8.2, temperature not specified in the publication <136>"
pfk,2.7.1.11,ATP,Km,5200.0,mM,Escherichia coli,"#6# wild type enzyme, in the presence of Mg2+, in 0.05 M Tris-HCl, pH 8.2, temperature not specified in the publication <136>"
pfk,2.7.1.11,D-fructose 6-phosphate,Km,0.065,mM,Escherichia coli,"#101# pH 7.0, 55Â°C <173>"
pfk,2.7.1.11,D-fructose 6-phosphate,Km,0.096,mM,Escherichia coli,"#101# pH 7.2, 30Â°C, cosubstrate gamma-thio-ATP <106>"
pfk,2.7.1.11,D-fructose 6-phosphate,Km,0.16,mM,Escherichia coli,"#6# pH 8.5, 30Â°C <99>"
pfk,2.7.1.11,D-fructose 6-phosphate,Km,0.018,mM,Escherichia coli,"#6# wild type enzyme, in the presence of Mg2+, in 0.05 M Tris-HCl, pH 8.2, temperature not specified in the publication <136>"
pfk,2.7.1.11,D-fructose 6-phosphate,Km,0.2,mM,Escherichia coli,"#6# pH 8.5, 30Â°C, D127S mutant PFK <99>"
pfk,2.7.1.11,D-fructose 6-phosphate,Km,0.14,mM,Escherichia coli,"#6# pH 8.5, 30Â°C, D127/R252Q double mutant PFK <99>"
pfk,2.7.1.11,D-fructose 6-phosphate,Km,0.011,mM,Escherichia coli,"#6# pH 8.2, 28Â°C, PFK2 <43>"
pfk,2.7.1.11,D-fructose 6-phosphate,Km,0.007,mM,Escherichia coli,"#6# mutant enzyme E190Q, in the presence of Mg2+, in 0.05 M Tris-HCl, pH 8.2, temperature not specified in the publication <136>; #6# mutant enzyme E190Q, in the presence of Mn2+, in 0.05 M Tris-HCl, pH 8.2, temperature not specified in the publication <136>"
pfk,2.7.1.11,D-fructose 6-phosphate,Km,0.037,mM,Escherichia coli,"#6# wild type enzyme, in the presence of Mn2+, in 0.05 M Tris-HCl, pH 8.2, temperature not specified in the publication <136>"
pfk,2.7.1.11,D-fructose 6-phosphate,Km,254.0,mM,Escherichia coli,"#6# pH 8.5, 30Â°C, R252Q mutant PFK <99>"
pfk,2.7.1.11,D-fructose 6-phosphate,Km,19.0,mM,Escherichia coli,"#101# pH 7.0, 55Â°C <173>"
pfk,2.7.1.11,ITP,Km,2.2,mM,Escherichia coli,"#101# pH 7.2, 30Â°C <102>"
pfk,2.7.1.11,sedoheptulose 7-phosphate,Km,2.5,mM,Escherichia coli,"#101# pH 7.0, 55Â°C <173>"
pfk,2.7.1.11,sedoheptulose 7-phosphate,Km,0.15,mM,Escherichia coli,"#101# pH 7.0, 55Â°C <173>"
pfk,2.7.1.11,GTP,Km,4.3,mM,Escherichia coli,"#101# pH 7.2, 30Â°C <102>"
pfk,2.7.1.11,CTP,Km,11.0,mM,Escherichia coli,"#101# pH 7.2, 30Â°C <102>"
pfk,2.7.1.11,UTP,Km,5.1,mM,Escherichia coli,"#101# pH 7.2, 30Â°C <102>"
pfk,2.7.1.11,D-fructose 6-phosphate,kcat,0.016,1/s,Escherichia coli,"#101# pH 7.2, 30Â°C, cosubstrate gamma-thio-ATP <106>"
pfk,2.7.1.11,D-fructose 6-phosphate,kcat,1.2,1/s,Escherichia coli,"#101# pH 7.0, 55Â°C <173>"
pfk,2.7.1.11,D-fructose 6-phosphate,kcat,44.0,1/s,Escherichia coli,"#105# in the presence of 0.5 mM MgATP2-, at pH 8.2 and 25Â°C <142>"
pfk,2.7.1.11,D-fructose 6-phosphate,kcat,60.0,1/s,Escherichia coli,"#105# in the presence of 0.1 mM MgATP2-, at pH 8.2 and 25Â°C <142>"
pfk,2.7.1.11,fructose 6-phosphate,kcat,49.0,1/s,Escherichia coli,"#101# pH 7.2, 30Â°C, cosubstrate ATP <106>"
pfk,2.7.1.11,fructose 6-phosphate,kcat,88.0,1/s,Escherichia coli,"#101# pH 7.2, 30Â°C, at 2mM ATP <106>"
pfk,2.7.1.11,fructose 6-phosphate,kcat,3.7,1/s,Escherichia coli,"#6# pH 8.5, 30Â°C, R252Q mutant PFK <99>"
pfk,2.7.1.11,fructose 6-phosphate,kcat,0.3,1/s,Escherichia coli,"#6# pH 8.5, 30Â°C, R72H mutant PFK <70>"
pfk,2.7.1.11,fructose 6-phosphate,kcat,110.0,1/s,Escherichia coli,"#6# pH 8.2, 25Â°C <71>"
pfk,2.7.1.11,fructose 6-phosphate,kcat,5.0,1/s,Escherichia coli,"#6# pH 8.2, 5Â°C <71>"
pfk,2.7.1.11,fructose 6-phosphate,kcat,61.0,1/s,Escherichia coli,"#6# pH 8.0, 8.5Â°C, wild-type PFK <97>"
pfk,2.7.1.11,fructose 6-phosphate,kcat,167.0,1/s,Escherichia coli,"#6# pH 8.5, 30Â°C <99>"
pfk,2.7.1.11,fructose 6-phosphate,kcat,60.0,1/s,Escherichia coli,"#6# pH 8.2, 15Â°C <71>"
pfk,2.7.1.11,fructose 6-phosphate,kcat,111.0,1/s,Escherichia coli,"#6# pH 8.5, 30Â°C, wild-type PFK <70>"
pfk,2.7.1.11,fructose 6-phosphate,kcat,0.015,1/s,Escherichia coli,"#6# pH 8.0, 8.5Â°C, T125A mutant PFK <97>"
pfk,2.7.1.11,fructose 6-phosphate,kcat,185.0,1/s,Escherichia coli,"#6# pH 8.2, 37Â°C <71>"
pfk,2.7.1.11,fructose 6-phosphate,kcat,57.2,1/s,Escherichia coli,"#6# pH 8.5, 30Â°C, I126A mutant PFK <70>"
pfk,2.7.1.11,fructose 6-phosphate,kcat,3.47,1/s,Escherichia coli,"#6# pH 8.0, 8.5Â°C, R171E mutant PFK <97>"
pfk,2.7.1.11,fructose 6-phosphate,kcat,0.303,1/s,Escherichia coli,"#6# pH 8.0, 8.5Â°C, R72E mutant PFK <97>"
pfk,2.7.1.11,sedoheptulose 7-phosphate,kcat,0.25,1/s,Escherichia coli,"#101# pH 7.0, 55Â°C <173>"
pfk,2.7.1.11,ATP,kcat,9.0,1/s,Escherichia coli,"#6# mutant enzyme E190Q, in the presence of Mn2+, in 0.05 M Tris-HCl, pH 8.2, temperature not specified in the publication <136>"
pfk,2.7.1.11,ATP,kcat,0.24,1/s,Escherichia coli,"#6# mutant enzyme E190Q, in the presence of Mg2+, in 0.05 M Tris-HCl, pH 8.2, temperature not specified in the publication <136>"
pfk,2.7.1.11,ATP,kcat,62.0,1/s,Escherichia coli,"#6# wild type enzyme, in the presence of Mg2+, in 0.05 M Tris-HCl, pH 8.2, temperature not specified in the publication <136>"
pfk,2.7.1.11,ATP,kcat,0.037,1/s,Escherichia coli,"#6# wild type enzyme, in the presence of Mn2+, in 0.05 M Tris-HCl, pH 8.2, temperature not specified in the publication <136>"
fba,4.1.2.13,"D-fructose 1,6-bisphosphate",Km,0.17,mM,Escherichia coli,"#13# wild-type enzyme, 30Â°C <72,82>"
fba,4.1.2.13,"D-fructose 1,6-bisphosphate",Km,0.3,mM,Escherichia coli,"#13# E181A mutant, 30Â°C <82>"
fba,4.1.2.13,"D-fructose 1,6-bisphosphate",Km,0.12,mM,Escherichia coli,
fba,4.1.2.13,"D-fructose 1,6-bisphosphate",Km,0.9,mM,Escherichia coli,"#13# N35A mutant, 30Â°C <72>"
fba,4.1.2.13,"D-fructose 1,6-bisphosphate",Km,0.22,mM,Escherichia coli,"#13# Q59A mutant, 30Â°C <72>"
fba,4.1.2.13,"D-fructose 1,6-bisphosphate",Km,0.43,mM,Escherichia coli,"#13# S61T mutant, 30Â°C <72>"
fba,4.1.2.13,"D-fructose 1,6-bisphosphate",Km,0.13,mM,Escherichia coli,"#13# E174A mutant, 30Â°C <82>"
fba,4.1.2.13,"D-fructose 1,6-bisphosphate",Km,2.7,mM,Escherichia coli,"#13# S61A mutant, 30Â°C <72>"
fba,4.1.2.13,"D-fructose 1,6-bisphosphate",Km,0.02,mM,Lathyrus oleraceus; Mycobacterium tuberculosis; Oryctolagus cuniculus; Escherichia coli,"#25# enzyme from cytoplasm and chloroplast <9>; #13# E182A mutant, 30Â°C <82>; #130# pH 7.3, 28Â°C <106>"
fba,4.1.2.13,"D-fructose 1,6-bisphosphate",Km,0.38,mM,Haloarcula vallismortis; Escherichia coli,"#37# pH 7.5, 37Â°C <163>; #13# K325A mutant, 30Â°C <72>"
fba,4.1.2.13,"D-fructose 1,6-bisphosphate",Km,0.18,mM,Escherichia coli,"#152# 30Â°C, D109A mutant <81>"
fba,4.1.2.13,"D-fructose 1,6-bisphosphate",Km,1.0,mM,Escherichia coli,"#152# 30Â°C, D288A mutant <81>"
fba,4.1.2.13,"D-fructose 1,6-bisphosphate",Km,0.37,mM,Escherichia coli,"#152# 30Â°C, N286D mutant <81>"
fba,4.1.2.13,"D-fructose 1,6-bisphosphate",Km,0.14,mM,Escherichia coli,#152# 30Â°C <105>
fba,4.1.2.13,"D-fructose 1,6-bisphosphate",Km,0.19,mM,Escherichia coli,"#152# 30Â°C, wild-type enzyme <81>"
fba,4.1.2.13,"D-fructose 1,6-bisphosphate",Km,0.77,mM,Escherichia coli,"#152# 30Â°C, D290A mutant <81>"
fba,4.1.2.13,"D-fructose 1,6-bisphosphate",Km,1.07,mM,Escherichia coli,"#152# 30Â°C, N286A mutant <81>"
fba,4.1.2.13,"D-fructose 1,6-bisphosphate",Km,0.94,mM,Escherichia coli,"#152# 30Â°C, D144A mutant <81>"
fba,4.1.2.13,"D-fructose 1,6-bisphosphate",Km,0.92,mM,Escherichia coli,"#152# 30Â°C, D329A mutant <81>"
fba,4.1.2.13,"D-fructose 1,6-bisphosphate",kcat,8.2,1/s,Leishmania mexicana; Escherichia coli,"#122# pH 7.6 <83>; #152# 30Â°C, wild-type enzyme <81>"
fba,4.1.2.13,"D-fructose 1,6-bisphosphate",kcat,0.16,1/s,Escherichia coli,"#13# N35A mutant, 30Â°C <72>"
fba,4.1.2.13,"D-fructose 1,6-bisphosphate",kcat,5.8,1/s,Escherichia coli,"#13# E181A mutant, 30Â°C <82>"
fba,4.1.2.13,"D-fructose 1,6-bisphosphate",kcat,0.033,1/s,Escherichia coli,"#13# E182A mutant, 30Â°C <82>"
fba,4.1.2.13,"D-fructose 1,6-bisphosphate",kcat,8.5,1/s,Escherichia coli,"#13# Q59A mutant, 30Â°C <72>"
fba,4.1.2.13,"D-fructose 1,6-bisphosphate",kcat,10.5,1/s,Escherichia coli,"#13# wild-type enzyme, 30Â°C <72,82>"
fba,4.1.2.13,"D-fructose 1,6-bisphosphate",kcat,6.3,1/s,Escherichia coli,"#13# S61T mutant, 30Â°C <72>"
fba,4.1.2.13,"D-fructose 1,6-bisphosphate",kcat,0.013,1/s,Escherichia coli,"#13# E174A mutant, 30Â°C <82>"
fba,4.1.2.13,"D-fructose 1,6-bisphosphate",kcat,0.85,1/s,Escherichia coli,"#13# S61A mutant, 30Â°C <72>"
fba,4.1.2.13,"D-fructose 1,6-bisphosphate",kcat,0.58,1/s,Escherichia coli,"#13# K325A mutant, 30Â°C <72>"
fba,4.1.2.13,"D-fructose 1,6-bisphosphate",kcat,6.08,1/s,Homo sapiens; Oryctolagus cuniculus; Escherichia coli,"#139# 30Â°C, AB_All mutant <80>; #13# K325A mutant, 30Â°C <72>; #155# L256P mutant, 22Â°C <73>; #155# Q354E mutant, 22Â°C <73>; #155# wild-type enzyme, 22Â°C <73>"
fba,4.1.2.13,"D-fructose 1,6-bisphosphate",kcat,0.19,1/s,Homo sapiens; Escherichia coli,"#152# 30Â°C, N286A mutant <81>; #155# N334K mutant, 22Â°C <73>; #14# pH 7.4, 10Â°C, wild-type enzyme <68>"
fba,4.1.2.13,"D-fructose 1,6-bisphosphate",kcat,7.0,1/s,Escherichia coli,"#152# 30Â°C, D290A mutant <81>"
fba,4.1.2.13,"D-fructose 1,6-bisphosphate",kcat,2.0,1/s,Escherichia coli,"#152# 30Â°C, D144A mutant <81>"
fba,4.1.2.13,"D-fructose 1,6-bisphosphate",kcat,2.2,1/s,Escherichia coli,"#152# 30Â°C, D288A mutant <81>"
fba,4.1.2.13,"D-fructose 1,6-bisphosphate",kcat,12.3,1/s,Escherichia coli,"#152# 30Â°C, D329A mutant <81>"
fba,4.1.2.13,"D-fructose 1,6-bisphosphate",kcat,0.001,1/s,Escherichia coli,"#152# 30Â°C, N286D mutant <81>"
fba,4.1.2.13,"D-fructose 1,6-bisphosphate",kcat,14.2,1/s,Escherichia coli,#152# 30Â°C <105>
fba,4.1.2.13,"D-fructose 1,6-bisphosphate",kcat,0.0028,1/s,Escherichia coli,"#152# 30Â°C, D109A mutant <81>"
tpi,5.3.1.1,D-glyceraldehyde 3-phosphate,Km,1.03,mM,Escherichia coli,"#5# pH 7.6, wild-type enzyme <30>"
tpi,5.3.1.1,D-glyceraldehyde 3-phosphate,kcat,9000.0,1/s,Escherichia coli,"#5# pH 7.6, wild-type enzyme <30>"
gap,1.2.1.12,NAD+,Km,0.045,mM,Escherichia coli,#103# wild-type enzyme <32>
gap,1.2.1.12,NAD+,Km,0.058,mM,Corynebacterium glutamicum; Escherichia coli,"#103# mutant N313T/Y317G <32>; #131# pH 8.0, 25Â°C, recombinant mutant D35G/L36T/P192S <241>"
gap,1.2.1.12,NAD+,Km,0.05,mM,Homo sapiens; Geobacillus stearothermophilus; Escherichia coli,"#115# wild-type enzyme <86>; #103# mutant Y317A <32>; #22# pH 8.0, 25Â°C, tetrameric enzyme form, wild-type <94>"
gap,1.2.1.12,NAD+,Km,0.19,mM,Bos taurus; Escherichia coli,#18# pH 8.0 <80>; #103# mutant N313T and Y317G <32>
gap,1.2.1.12,D-glyceraldehyde 3-phosphate,Km,0.29,mM,Escherichia coli,#103# mutant N313T/Y317G <32>
gap,1.2.1.12,D-glyceraldehyde 3-phosphate,Km,0.89,mM,Escherichia coli,#103# wild-type enzyme <32>
gap,1.2.1.12,D-glyceraldehyde 3-phosphate,Km,0.88,mM,Escherichia coli,#103# mutant Y317A <32>
gap,1.2.1.12,D-glyceraldehyde 3-phosphate,Km,2.05,mM,Escherichia coli,#103# mutant Y317G <32>
gap,1.2.1.12,D-glyceraldehyde 3-phosphate,Km,0.42,mM,Saccharomyces cerevisiae; Trypanosoma cruzi; Escherichia coli,"#103# mutant N313T <32>; #43# free enzyme, at pH 7.5 and 25Â°C <215>; #119# free enzyme,25Â°C, pH 8.6 <215>; #17# isoform TDH2, pH 8.5, 25Â°C <222>"
gap,1.2.1.12,phosphate,Km,20.0,mM,Escherichia coli,#103# mutant enzyme N313T <32>
gap,1.2.1.12,phosphate,Km,4.8,mM,Escherichia coli,#103# mutant enzyme Y317A <32>
gap,1.2.1.12,phosphate,Km,0.53,mM,Escherichia coli,#103# wild-type enzyme <32>
gap,1.2.1.12,phosphate,Km,6.9,mM,Escherichia coli,#103# mutant enzyme N313T/Y317G <32>
gap,1.2.1.12,phosphate,Km,35.1,mM,Escherichia coli,#103# mutant enzyme Y317G <32>
